check_id,service,region,resource,severity,status,title,description,current_state,expected_state,remediation,cis_mapping,iso27001_mapping,pci_dss_mapping,soc2_mapping
CT-001,CloudTrail,global,account,HIGH,PASS,A multi-region CloudTrail trail is enabled and logging management events,"Without an active multi-region trail, API activity in some regions is not recorded, leaving no audit trail for incident response.",Compliant multi-region trail(s): org-trail,At least one multi-region trail is logging and records read+write management events,"1. CloudTrail > Trails > Create trail with 'Apply trail to all regions' enabled. | 2. Record management events (Read and Write) and make sure logging is started. | 3. In AWS Organizations, an organization trail satisfies this for all member accounts.",3.1 (exact),A.8.15 (approximate),10.2.1 (approximate),CC7.2 (approximate)
CT-002,CloudTrail,us-east-1,basic-trail,MEDIUM,FAIL,CloudTrail log file validation is enabled,Digest files let you prove that log files were not modified or deleted after delivery.,Disabled,LogFileValidationEnabled = true,1. CloudTrail > Trails > trail > General details > Edit > enable 'Log file validation'.,3.2 (exact),A.8.15 (approximate),10.3.4 (approximate),CC7.2 (approximate)
CT-002,CloudTrail,us-east-1,org-trail,MEDIUM,PASS,CloudTrail log file validation is enabled,Digest files let you prove that log files were not modified or deleted after delivery.,Enabled,LogFileValidationEnabled = true,1. CloudTrail > Trails > trail > General details > Edit > enable 'Log file validation'.,3.2 (exact),A.8.15 (approximate),10.3.4 (approximate),CC7.2 (approximate)
CT-003,CloudTrail,us-east-1,basic-trail,LOW,FAIL,CloudTrail trail is integrated with CloudWatch Logs,CloudWatch Logs integration enables near-real-time alerting on suspicious API activity. Delivery must be recent (within 24h).,No CloudWatch Logs log group configured,Trail delivers to a CloudWatch Logs group and the latest delivery is < 24 hours old,"1. CloudTrail > trail > CloudWatch Logs > Edit > enable and select/create a log group and IAM role. | 2. Add metric filters and alarms for the CIS monitoring controls (root usage, console sign-in without MFA, etc.).",3.4 (exact),A.8.16 (approximate),10.4.1 (approximate),CC7.2 (approximate)
CT-003,CloudTrail,us-east-1,org-trail,LOW,FAIL,CloudTrail trail is integrated with CloudWatch Logs,CloudWatch Logs integration enables near-real-time alerting on suspicious API activity. Delivery must be recent (within 24h).,No CloudWatch Logs log group configured,Trail delivers to a CloudWatch Logs group and the latest delivery is < 24 hours old,"1. CloudTrail > trail > CloudWatch Logs > Edit > enable and select/create a log group and IAM role. | 2. Add metric filters and alarms for the CIS monitoring controls (root usage, console sign-in without MFA, etc.).",3.4 (exact),A.8.16 (approximate),10.4.1 (approximate),CC7.2 (approximate)
CT-004,CloudTrail,us-east-1,basic-trail,MEDIUM,FAIL,CloudTrail logs are encrypted with a KMS key,SSE-KMS adds key-level access control and auditing on top of default S3 encryption of log files.,No KMS key configured,Trail has a KmsKeyId configured,1. CloudTrail > trail > General details > Edit > enable 'Log file SSE-KMS encryption' with a customer-managed key.,3.7 (exact),A.8.24 (approximate),10.3.2 (approximate),CC6.1 (approximate)
CT-004,CloudTrail,us-east-1,org-trail,MEDIUM,PASS,CloudTrail logs are encrypted with a KMS key,SSE-KMS adds key-level access control and auditing on top of default S3 encryption of log files.,SSE-KMS enabled,Trail has a KmsKeyId configured,1. CloudTrail > trail > General details > Edit > enable 'Log file SSE-KMS encryption' with a customer-managed key.,3.7 (exact),A.8.24 (approximate),10.3.2 (approximate),CC6.1 (approximate)
EC2-001,EC2,us-east-1,sg-974ffc347a4747397 (default),HIGH,PASS,Security group does not expose SSH (22) to the internet,SSH open to 0.0.0.0/0 or ::/0 (including all-port/all-protocol rules) invites brute-force and exploit attempts.,SSH (22) not open to the internet,No inbound rule allowing 0.0.0.0/0 or ::/0 on TCP 22,1. Edit the security group inbound rules; remove the world-open SSH rule or restrict it to a trusted CIDR/VPN. | 2. Prefer AWS Systems Manager Session Manager or EC2 Instance Connect Endpoint so no inbound port is required.,5.2 (exact); 5.3 (exact),A.8.20 (approximate),1.3.1 (approximate); 1.4.2 (approximate),CC6.6 (approximate)
EC2-001,EC2,us-east-1,sg-b7c0c2fd9f6251764 (default),HIGH,PASS,Security group does not expose SSH (22) to the internet,SSH open to 0.0.0.0/0 or ::/0 (including all-port/all-protocol rules) invites brute-force and exploit attempts.,SSH (22) not open to the internet,No inbound rule allowing 0.0.0.0/0 or ::/0 on TCP 22,1. Edit the security group inbound rules; remove the world-open SSH rule or restrict it to a trusted CIDR/VPN. | 2. Prefer AWS Systems Manager Session Manager or EC2 Instance Connect Endpoint so no inbound port is required.,5.2 (exact); 5.3 (exact),A.8.20 (approximate),1.3.1 (approximate); 1.4.2 (approximate),CC6.6 (approximate)
EC2-001,EC2,us-east-1,sg-908ca6d962ab868d4 (web-open),HIGH,FAIL,Security group does not expose SSH (22) to the internet,SSH open to 0.0.0.0/0 or ::/0 (including all-port/all-protocol rules) invites brute-force and exploit attempts.,SSH (22) open to 0.0.0.0/0,No inbound rule allowing 0.0.0.0/0 or ::/0 on TCP 22,1. Edit the security group inbound rules; remove the world-open SSH rule or restrict it to a trusted CIDR/VPN. | 2. Prefer AWS Systems Manager Session Manager or EC2 Instance Connect Endpoint so no inbound port is required.,5.2 (exact); 5.3 (exact),A.8.20 (approximate),1.3.1 (approximate); 1.4.2 (approximate),CC6.6 (approximate)
EC2-002,EC2,us-east-1,sg-974ffc347a4747397 (default),HIGH,PASS,Security group does not expose RDP (3389) to the internet,RDP open to the internet is a leading ransomware entry point.,RDP (3389) not open to the internet,No inbound rule allowing 0.0.0.0/0 or ::/0 on TCP 3389,1. Remove the world-open RDP rule or restrict to a trusted CIDR/VPN. | 2. Use Systems Manager Fleet Manager / Session Manager port forwarding or a bastion behind a VPN.,5.2 (exact); 5.3 (exact),A.8.20 (approximate),1.3.1 (approximate); 1.4.2 (approximate),CC6.6 (approximate)
EC2-002,EC2,us-east-1,sg-b7c0c2fd9f6251764 (default),HIGH,PASS,Security group does not expose RDP (3389) to the internet,RDP open to the internet is a leading ransomware entry point.,RDP (3389) not open to the internet,No inbound rule allowing 0.0.0.0/0 or ::/0 on TCP 3389,1. Remove the world-open RDP rule or restrict to a trusted CIDR/VPN. | 2. Use Systems Manager Fleet Manager / Session Manager port forwarding or a bastion behind a VPN.,5.2 (exact); 5.3 (exact),A.8.20 (approximate),1.3.1 (approximate); 1.4.2 (approximate),CC6.6 (approximate)
EC2-002,EC2,us-east-1,sg-908ca6d962ab868d4 (web-open),HIGH,FAIL,Security group does not expose RDP (3389) to the internet,RDP open to the internet is a leading ransomware entry point.,RDP (3389) open to ::/0,No inbound rule allowing 0.0.0.0/0 or ::/0 on TCP 3389,1. Remove the world-open RDP rule or restrict to a trusted CIDR/VPN. | 2. Use Systems Manager Fleet Manager / Session Manager port forwarding or a bastion behind a VPN.,5.2 (exact); 5.3 (exact),A.8.20 (approximate),1.3.1 (approximate); 1.4.2 (approximate),CC6.6 (approximate)
EC2-003,EC2,us-east-1,sg-974ffc347a4747397 (vpc-e20ee4fe440805c9e),MEDIUM,FAIL,Default security group restricts all traffic,Resources launched without an explicit group fall into the default SG; it should allow nothing.,0 inbound and 1 outbound rule(s),Default security group has no inbound and no outbound rules,1. Remove all inbound and outbound rules from the default security group of each VPC. | 2. Create purpose-specific security groups and attach those to resources.,5.4 (exact),A.8.20 (approximate),1.3.1 (approximate); 1.4.2 (approximate),CC6.6 (approximate)
EC2-003,EC2,us-east-1,sg-b7c0c2fd9f6251764 (vpc-994610abdebd3c859),MEDIUM,FAIL,Default security group restricts all traffic,Resources launched without an explicit group fall into the default SG; it should allow nothing.,0 inbound and 1 outbound rule(s),Default security group has no inbound and no outbound rules,1. Remove all inbound and outbound rules from the default security group of each VPC. | 2. Create purpose-specific security groups and attach those to resources.,5.4 (exact),A.8.20 (approximate),1.3.1 (approximate); 1.4.2 (approximate),CC6.6 (approximate)
EC2-004,EC2,us-east-1,ebs-default-encryption/us-east-1,MEDIUM,PASS,EBS encryption by default is enabled in the region,"With the account-level default on, every new EBS volume and snapshot copy is encrypted automatically.",Enabled,EBS encryption by default is enabled in every region,1. EC2 > Settings > Data protection and security > EBS encryption > Manage > Enable (repeat per region).,2.2.1 (exact),A.8.24 (approximate),3.5.1 (approximate),CC6.1 (approximate)
EC2-005,EC2,us-east-1,vol-cf7b3a00759516c3f,MEDIUM,FAIL,EBS volume is encrypted,Unencrypted volumes expose data if snapshots are shared or the underlying media is mishandled.,NOT encrypted,Volume Encrypted = true,"1. Snapshot the volume, copy the snapshot with encryption enabled, and create a new volume from it. | 2. Swap the volume on the instance during a maintenance window, then delete the unencrypted volume/snapshots.",2.2.1 (approximate),A.8.24 (approximate),3.5.1 (approximate),CC6.1 (approximate)
EC2-005,EC2,us-east-1,vol-050b33df082f1a4fa,MEDIUM,FAIL,EBS volume is encrypted,Unencrypted volumes expose data if snapshots are shared or the underlying media is mishandled.,NOT encrypted,Volume Encrypted = true,"1. Snapshot the volume, copy the snapshot with encryption enabled, and create a new volume from it. | 2. Swap the volume on the instance during a maintenance window, then delete the unencrypted volume/snapshots.",2.2.1 (approximate),A.8.24 (approximate),3.5.1 (approximate),CC6.1 (approximate)
EC2-005,EC2,us-east-1,vol-447ef2430d214e9c6,MEDIUM,PASS,EBS volume is encrypted,Unencrypted volumes expose data if snapshots are shared or the underlying media is mishandled.,Encrypted,Volume Encrypted = true,"1. Snapshot the volume, copy the snapshot with encryption enabled, and create a new volume from it. | 2. Swap the volume on the instance during a maintenance window, then delete the unencrypted volume/snapshots.",2.2.1 (approximate),A.8.24 (approximate),3.5.1 (approximate),CC6.1 (approximate)
EC2-006,EC2,us-east-1,i-2c1c505d715517912,MEDIUM,FAIL,Instance requires IMDSv2,IMDSv1 is vulnerable to SSRF-based credential theft (e.g. the 2019 Capital One breach pattern).,HttpTokens = optional,Instance metadata option HttpTokens = required,1. EC2 > instance > Actions > Instance settings > Modify instance metadata options > IMDSv2 'Required'. | 2. Set the account/region default for new instances to IMDSv2 required.,5.6 (exact),A.8.9 (approximate),2.2.1 (approximate),CC6.1 (approximate)
IAM-001,IAM,global,<root_account>,CRITICAL,FAIL,MFA is enabled for the root user,"The root user has unrestricted access to the account. Without MFA, a leaked password gives full account takeover.",Root MFA is NOT enabled,Root user has an MFA device registered,"1. Sign in as the root user and open Security credentials. | 2. Under Multi-factor authentication (MFA), choose Assign MFA device and complete enrolment (prefer a hardware/FIDO2 key). | 3. Store the root credentials and recovery material offline; use the root user only for tasks that require it.",1.5 (exact),A.8.5 (approximate),8.4.2 (approximate),CC6.1 (approximate)
IAM-002,IAM,global,<root_account>,CRITICAL,PASS,No access keys exist for the root user,Root access keys are long-lived credentials with unrestricted privileges and cannot be scoped down.,0 root access key(s) present,No root access keys,"1. Sign in as the root user, open Security credentials > Access keys. | 2. Make each root access key inactive, confirm nothing breaks, then delete it. | 3. Use IAM roles / IAM Identity Center for programmatic access instead.",1.4 (exact),A.8.2 (approximate),7.2.2 (approximate),CC6.1 (approximate)
IAM-003,IAM,global,<root_account>,MEDIUM,FAIL,Root user does not use a virtual MFA device,"CIS recommends a hardware MFA device for root. The API exposes virtual MFA devices by serial number but cannot distinguish a hardware token from a FIDO2/passkey, so PASS means 'MFA present and not virtual'.",Root MFA is not enabled at all,Root MFA is a hardware / FIDO2 device (not a virtual authenticator app),1. Sign in as root > Security credentials > MFA. | 2. Remove the virtual MFA device and register a hardware TOTP token or FIDO2 security key.,1.6 (exact),A.8.5 (approximate),8.4.2 (approximate),CC6.1 (approximate)
IAM-004,IAM,global,alice,HIGH,FAIL,MFA is enabled for all IAM users with a console password,"Console users without MFA are exposed to password phishing, reuse and brute force.",Console password set but no MFA,Every IAM user with a console password has MFA active,1. IAM > Users > select the user > Security credentials > Assign MFA device. | 2. Better: remove IAM console users and federate through IAM Identity Center with enforced MFA.,1.10 (exact),A.8.5 (approximate),8.4.2 (approximate),CC6.1 (approximate)
IAM-004,IAM,global,bob,HIGH,FAIL,MFA is enabled for all IAM users with a console password,"Console users without MFA are exposed to password phishing, reuse and brute force.",Console password set but no MFA,Every IAM user with a console password has MFA active,1. IAM > Users > select the user > Security credentials > Assign MFA device. | 2. Better: remove IAM console users and federate through IAM Identity Center with enforced MFA.,1.10 (exact),A.8.5 (approximate),8.4.2 (approximate),CC6.1 (approximate)
IAM-005,IAM,global,alice/access_key_1,MEDIUM,PASS,Active access keys are rotated within 90 days,Long-lived access keys increase the window in which a leaked key can be abused.,Key is 0 days old (max 90),Every active access key was created/rotated within the configured maximum age (default 90 days),"1. Create a second key for the user, update the application to use it, and verify. | 2. Deactivate then delete the old key. | 3. Prefer IAM roles with temporary credentials so no long-lived key exists.",1.14 (exact),A.5.17 (approximate),8.3.9 (approximate),CC6.1 (approximate)
IAM-005,IAM,global,alice/access_key_2,MEDIUM,PASS,Active access keys are rotated within 90 days,Long-lived access keys increase the window in which a leaked key can be abused.,Key is 0 days old (max 90),Every active access key was created/rotated within the configured maximum age (default 90 days),"1. Create a second key for the user, update the application to use it, and verify. | 2. Deactivate then delete the old key. | 3. Prefer IAM roles with temporary credentials so no long-lived key exists.",1.14 (exact),A.5.17 (approximate),8.3.9 (approximate),CC6.1 (approximate)
IAM-005,IAM,global,svc-deploy/access_key_1,MEDIUM,PASS,Active access keys are rotated within 90 days,Long-lived access keys increase the window in which a leaked key can be abused.,Key is 0 days old (max 90),Every active access key was created/rotated within the configured maximum age (default 90 days),"1. Create a second key for the user, update the application to use it, and verify. | 2. Deactivate then delete the old key. | 3. Prefer IAM roles with temporary credentials so no long-lived key exists.",1.14 (exact),A.5.17 (approximate),8.3.9 (approximate),CC6.1 (approximate)
IAM-006,IAM,global,alice,MEDIUM,PASS,Credentials unused for 45+ days are disabled,Dormant passwords and access keys are rarely monitored and are prime targets for takeover.,All credentials used within 45 days,No active password or access key has gone unused longer than the configured maximum (default 45 days),"1. Confirm the credential is no longer needed with its owner. | 2. Deactivate the access key / remove the console password, or delete the IAM user.",1.12 (exact),A.5.18 (approximate),8.2.6 (approximate),CC6.2 (approximate)
IAM-006,IAM,global,svc-deploy,MEDIUM,PASS,Credentials unused for 45+ days are disabled,Dormant passwords and access keys are rarely monitored and are prime targets for takeover.,All credentials used within 45 days,No active password or access key has gone unused longer than the configured maximum (default 45 days),"1. Confirm the credential is no longer needed with its owner. | 2. Deactivate the access key / remove the console password, or delete the IAM user.",1.12 (exact),A.5.18 (approximate),8.2.6 (approximate),CC6.2 (approximate)
IAM-006,IAM,global,bob,MEDIUM,PASS,Credentials unused for 45+ days are disabled,Dormant passwords and access keys are rarely monitored and are prime targets for takeover.,All credentials used within 45 days,No active password or access key has gone unused longer than the configured maximum (default 45 days),"1. Confirm the credential is no longer needed with its owner. | 2. Deactivate the access key / remove the console password, or delete the IAM user.",1.12 (exact),A.5.18 (approximate),8.2.6 (approximate),CC6.2 (approximate)
IAM-007,IAM,global,account-password-policy,MEDIUM,PASS,Password policy requires a minimum length of 14,Short passwords are easy to brute-force. Without a custom policy AWS defaults to 8 characters.,Minimum length is 14 (required 14),Account password policy minimum length >= 14 (configurable),"1. IAM > Account settings > Password policy > Edit, set minimum password length to 14 or more.",1.8 (exact),A.5.17 (approximate),8.3.6 (approximate),CC6.1 (approximate)
IAM-008,IAM,global,account-password-policy,MEDIUM,PASS,Password policy prevents reuse of the last 24 passwords,Allowing reuse undermines rotation: users cycle back to compromised passwords.,Remembers 24 previous passwords (required 24),Password reuse prevention >= 24 (configurable),"1. IAM > Account settings > Password policy > Edit, enable 'Prevent password reuse' with 24 remembered passwords.",1.9 (exact),A.5.17 (approximate),8.3.7 (approximate),CC6.1 (approximate)
IAM-009,IAM,global,alice,LOW,FAIL,Each IAM user has at most one active access key,Multiple active keys per user widen the attack surface and often indicate skipped rotation clean-up.,2 active access key(s),At most one active access key per IAM user,"1. Identify which key is in use (last-used date), then deactivate and delete the other.",1.13 (exact),A.5.18 (approximate),7.2.2 (approximate),CC6.3 (approximate)
IAM-009,IAM,global,svc-deploy,LOW,PASS,Each IAM user has at most one active access key,Multiple active keys per user widen the attack surface and often indicate skipped rotation clean-up.,1 active access key(s),At most one active access key per IAM user,"1. Identify which key is in use (last-used date), then deactivate and delete the other.",1.13 (exact),A.5.18 (approximate),7.2.2 (approximate),CC6.3 (approximate)
IAM-010,IAM,global,legacy-admin,HIGH,FAIL,"No attached customer-managed policy grants full ""*:*"" admin access",Policies allowing Action '*' on Resource '*' violate least privilege. Scope: customer-managed policies that are attached to at least one identity (AWS-managed AdministratorAccess is not evaluated).,Allows *:* (full admin),"No attached customer-managed policy allows Action ""*"" on Resource ""*""",1. Replace the policy with scoped permissions (use IAM Access Analyzer policy generation from CloudTrail activity). | 2. Detach the over-permissive policy once replacements are in place.,1.16 (exact),A.8.2 (approximate),7.2.2 (approximate),CC6.3 (approximate)
IAM-011,IAM,global,alice,LOW,FAIL,IAM users receive permissions only through groups,Direct user policies are hard to audit and tend to accumulate; group/role-based access is reviewable.,Direct policies: legacy-admin,No managed or inline policies attached directly to IAM users,"1. Create a group per job function and attach the policies to it. | 2. Add the user to the group, then detach/delete the user's direct policies.",1.15 (exact),A.5.15 (approximate),7.2.1 (approximate),CC6.3 (approximate)
IAM-011,IAM,global,svc-deploy,LOW,PASS,IAM users receive permissions only through groups,Direct user policies are hard to audit and tend to accumulate; group/role-based access is reviewable.,No direct policies,No managed or inline policies attached directly to IAM users,"1. Create a group per job function and attach the policies to it. | 2. Add the user to the group, then detach/delete the user's direct policies.",1.15 (exact),A.5.15 (approximate),7.2.1 (approximate),CC6.3 (approximate)
IAM-011,IAM,global,bob,LOW,PASS,IAM users receive permissions only through groups,Direct user policies are hard to audit and tend to accumulate; group/role-based access is reviewable.,No direct policies,No managed or inline policies attached directly to IAM users,"1. Create a group per job function and attach the policies to it. | 2. Add the user to the group, then detach/delete the user's direct policies.",1.15 (exact),A.5.15 (approximate),7.2.1 (approximate),CC6.3 (approximate)
S3-001,S3,global,account/123456789012,MEDIUM,FAIL,Account-level S3 Block Public Access is fully enabled,The account-level setting is a guardrail that overrides bucket-level configuration for every bucket.,No public access block configured,All four account-level Block Public Access settings are enabled,1. S3 console > Block Public Access settings for this account > Edit > enable all four settings.,2.1.4 (exact),A.8.3 (approximate),7.2.1 (approximate); 1.4.2 (approximate),CC6.1 (approximate); CC6.6 (approximate)
S3-002,S3,global,acme-internal-data,HIGH,FAIL,Bucket-level Block Public Access is fully enabled,"Without bucket-level blocks, a permissive ACL or bucket policy can expose data publicly.",No public access block configured,All four Block Public Access settings are enabled on the bucket,1. S3 > bucket > Permissions > Block public access (bucket settings) > Edit > enable all four settings.,2.1.4 (exact),A.8.3 (approximate),7.2.1 (approximate); 1.4.2 (approximate),CC6.1 (approximate); CC6.6 (approximate)
S3-002,S3,global,acme-logs-archive,HIGH,PASS,Bucket-level Block Public Access is fully enabled,"Without bucket-level blocks, a permissive ACL or bucket policy can expose data publicly.",All 4 settings enabled,All four Block Public Access settings are enabled on the bucket,1. S3 > bucket > Permissions > Block public access (bucket settings) > Edit > enable all four settings.,2.1.4 (exact),A.8.3 (approximate),7.2.1 (approximate); 1.4.2 (approximate),CC6.1 (approximate); CC6.6 (approximate)
S3-002,S3,global,acme-public-assets,HIGH,FAIL,Bucket-level Block Public Access is fully enabled,"Without bucket-level blocks, a permissive ACL or bucket policy can expose data publicly.",No public access block configured,All four Block Public Access settings are enabled on the bucket,1. S3 > bucket > Permissions > Block public access (bucket settings) > Edit > enable all four settings.,2.1.4 (exact),A.8.3 (approximate),7.2.1 (approximate); 1.4.2 (approximate),CC6.1 (approximate); CC6.6 (approximate)
S3-002,S3,global,acme-trail-logs,HIGH,FAIL,Bucket-level Block Public Access is fully enabled,"Without bucket-level blocks, a permissive ACL or bucket policy can expose data publicly.",No public access block configured,All four Block Public Access settings are enabled on the bucket,1. S3 > bucket > Permissions > Block public access (bucket settings) > Edit > enable all four settings.,2.1.4 (exact),A.8.3 (approximate),7.2.1 (approximate); 1.4.2 (approximate),CC6.1 (approximate); CC6.6 (approximate)
S3-002,S3,global,secure-bucket,HIGH,PASS,Bucket-level Block Public Access is fully enabled,"Without bucket-level blocks, a permissive ACL or bucket policy can expose data publicly.",All 4 settings enabled,All four Block Public Access settings are enabled on the bucket,1. S3 > bucket > Permissions > Block public access (bucket settings) > Edit > enable all four settings.,2.1.4 (exact),A.8.3 (approximate),7.2.1 (approximate); 1.4.2 (approximate),CC6.1 (approximate); CC6.6 (approximate)
S3-002,S3,global,secure-trail-logs,HIGH,FAIL,Bucket-level Block Public Access is fully enabled,"Without bucket-level blocks, a permissive ACL or bucket policy can expose data publicly.",No public access block configured,All four Block Public Access settings are enabled on the bucket,1. S3 > bucket > Permissions > Block public access (bucket settings) > Edit > enable all four settings.,2.1.4 (exact),A.8.3 (approximate),7.2.1 (approximate); 1.4.2 (approximate),CC6.1 (approximate); CC6.6 (approximate)
S3-003,S3,global,acme-internal-data,CRITICAL,PASS,Bucket is not publicly accessible via policy or ACL,"Evaluates the bucket policy (AWS policy-status analysis) and ACL grants to AllUsers/AuthenticatedUsers. Reports the configured access, before Block Public Access is applied.",Not public by policy or ACL,No public bucket policy and no ACL grants to AllUsers or AuthenticatedUsers,1. Remove ACL grants to 'Everyone' / 'Authenticated users' (Permissions > ACL). | 2. Restrict bucket policy principals/conditions; enable Block Public Access. | 3. Serve intended-public content through CloudFront with Origin Access Control instead.,,A.8.3 (approximate),7.2.1 (approximate); 1.4.2 (approximate),CC6.1 (approximate); CC6.6 (approximate)
S3-003,S3,global,acme-logs-archive,CRITICAL,PASS,Bucket is not publicly accessible via policy or ACL,"Evaluates the bucket policy (AWS policy-status analysis) and ACL grants to AllUsers/AuthenticatedUsers. Reports the configured access, before Block Public Access is applied.",Not public by policy or ACL,No public bucket policy and no ACL grants to AllUsers or AuthenticatedUsers,1. Remove ACL grants to 'Everyone' / 'Authenticated users' (Permissions > ACL). | 2. Restrict bucket policy principals/conditions; enable Block Public Access. | 3. Serve intended-public content through CloudFront with Origin Access Control instead.,,A.8.3 (approximate),7.2.1 (approximate); 1.4.2 (approximate),CC6.1 (approximate); CC6.6 (approximate)
S3-003,S3,global,acme-public-assets,CRITICAL,FAIL,Bucket is not publicly accessible via policy or ACL,"Evaluates the bucket policy (AWS policy-status analysis) and ACL grants to AllUsers/AuthenticatedUsers. Reports the configured access, before Block Public Access is applied.",ACL grants READ to AllUsers,No public bucket policy and no ACL grants to AllUsers or AuthenticatedUsers,1. Remove ACL grants to 'Everyone' / 'Authenticated users' (Permissions > ACL). | 2. Restrict bucket policy principals/conditions; enable Block Public Access. | 3. Serve intended-public content through CloudFront with Origin Access Control instead.,,A.8.3 (approximate),7.2.1 (approximate); 1.4.2 (approximate),CC6.1 (approximate); CC6.6 (approximate)
S3-003,S3,global,acme-trail-logs,CRITICAL,PASS,Bucket is not publicly accessible via policy or ACL,"Evaluates the bucket policy (AWS policy-status analysis) and ACL grants to AllUsers/AuthenticatedUsers. Reports the configured access, before Block Public Access is applied.",Not public by policy or ACL,No public bucket policy and no ACL grants to AllUsers or AuthenticatedUsers,1. Remove ACL grants to 'Everyone' / 'Authenticated users' (Permissions > ACL). | 2. Restrict bucket policy principals/conditions; enable Block Public Access. | 3. Serve intended-public content through CloudFront with Origin Access Control instead.,,A.8.3 (approximate),7.2.1 (approximate); 1.4.2 (approximate),CC6.1 (approximate); CC6.6 (approximate)
S3-003,S3,global,secure-bucket,CRITICAL,PASS,Bucket is not publicly accessible via policy or ACL,"Evaluates the bucket policy (AWS policy-status analysis) and ACL grants to AllUsers/AuthenticatedUsers. Reports the configured access, before Block Public Access is applied.",Not public by policy or ACL,No public bucket policy and no ACL grants to AllUsers or AuthenticatedUsers,1. Remove ACL grants to 'Everyone' / 'Authenticated users' (Permissions > ACL). | 2. Restrict bucket policy principals/conditions; enable Block Public Access. | 3. Serve intended-public content through CloudFront with Origin Access Control instead.,,A.8.3 (approximate),7.2.1 (approximate); 1.4.2 (approximate),CC6.1 (approximate); CC6.6 (approximate)
S3-003,S3,global,secure-trail-logs,CRITICAL,PASS,Bucket is not publicly accessible via policy or ACL,"Evaluates the bucket policy (AWS policy-status analysis) and ACL grants to AllUsers/AuthenticatedUsers. Reports the configured access, before Block Public Access is applied.",Not public by policy or ACL,No public bucket policy and no ACL grants to AllUsers or AuthenticatedUsers,1. Remove ACL grants to 'Everyone' / 'Authenticated users' (Permissions > ACL). | 2. Restrict bucket policy principals/conditions; enable Block Public Access. | 3. Serve intended-public content through CloudFront with Origin Access Control instead.,,A.8.3 (approximate),7.2.1 (approximate); 1.4.2 (approximate),CC6.1 (approximate); CC6.6 (approximate)
S3-004,S3,global,acme-internal-data,MEDIUM,PASS,Bucket has default encryption configured,Default encryption ensures every new object is encrypted at rest (SSE-S3 is applied automatically by AWS to new buckets since Jan 2023).,Default encryption: AES256,Default server-side encryption is configured (SSE-S3 or SSE-KMS),1. S3 > bucket > Properties > Default encryption > Edit; choose SSE-S3 or SSE-KMS (KMS for key-level audit and control).,,A.8.24 (approximate),3.5.1 (approximate),CC6.1 (approximate)
S3-004,S3,global,acme-logs-archive,MEDIUM,FAIL,Bucket has default encryption configured,Default encryption ensures every new object is encrypted at rest (SSE-S3 is applied automatically by AWS to new buckets since Jan 2023).,No default encryption configured,Default server-side encryption is configured (SSE-S3 or SSE-KMS),1. S3 > bucket > Properties > Default encryption > Edit; choose SSE-S3 or SSE-KMS (KMS for key-level audit and control).,,A.8.24 (approximate),3.5.1 (approximate),CC6.1 (approximate)
S3-004,S3,global,acme-public-assets,MEDIUM,FAIL,Bucket has default encryption configured,Default encryption ensures every new object is encrypted at rest (SSE-S3 is applied automatically by AWS to new buckets since Jan 2023).,No default encryption configured,Default server-side encryption is configured (SSE-S3 or SSE-KMS),1. S3 > bucket > Properties > Default encryption > Edit; choose SSE-S3 or SSE-KMS (KMS for key-level audit and control).,,A.8.24 (approximate),3.5.1 (approximate),CC6.1 (approximate)
S3-004,S3,global,acme-trail-logs,MEDIUM,FAIL,Bucket has default encryption configured,Default encryption ensures every new object is encrypted at rest (SSE-S3 is applied automatically by AWS to new buckets since Jan 2023).,No default encryption configured,Default server-side encryption is configured (SSE-S3 or SSE-KMS),1. S3 > bucket > Properties > Default encryption > Edit; choose SSE-S3 or SSE-KMS (KMS for key-level audit and control).,,A.8.24 (approximate),3.5.1 (approximate),CC6.1 (approximate)
S3-004,S3,global,secure-bucket,MEDIUM,PASS,Bucket has default encryption configured,Default encryption ensures every new object is encrypted at rest (SSE-S3 is applied automatically by AWS to new buckets since Jan 2023).,Default encryption: aws:kms,Default server-side encryption is configured (SSE-S3 or SSE-KMS),1. S3 > bucket > Properties > Default encryption > Edit; choose SSE-S3 or SSE-KMS (KMS for key-level audit and control).,,A.8.24 (approximate),3.5.1 (approximate),CC6.1 (approximate)
S3-004,S3,global,secure-trail-logs,MEDIUM,FAIL,Bucket has default encryption configured,Default encryption ensures every new object is encrypted at rest (SSE-S3 is applied automatically by AWS to new buckets since Jan 2023).,No default encryption configured,Default server-side encryption is configured (SSE-S3 or SSE-KMS),1. S3 > bucket > Properties > Default encryption > Edit; choose SSE-S3 or SSE-KMS (KMS for key-level audit and control).,,A.8.24 (approximate),3.5.1 (approximate),CC6.1 (approximate)
S3-005,S3,global,acme-internal-data,MEDIUM,FAIL,Bucket policy denies non-TLS (HTTP) requests,"Without an aws:SecureTransport deny, clients can read/write objects over unencrypted HTTP.",No bucket policy; HTTP requests are allowed,Bucket policy contains a Deny for Principal * when aws:SecureTransport is false,"1. Add a bucket policy statement: Effect Deny, Principal ""*"", Action ""s3:*"", Resource bucket ARN and bucket ARN/*, Condition {""Bool"": {""aws:SecureTransport"": ""false""}}.",2.1.1 (exact),A.8.24 (approximate),4.2.1 (approximate),CC6.7 (approximate)
S3-005,S3,global,acme-logs-archive,MEDIUM,FAIL,Bucket policy denies non-TLS (HTTP) requests,"Without an aws:SecureTransport deny, clients can read/write objects over unencrypted HTTP.",No bucket policy; HTTP requests are allowed,Bucket policy contains a Deny for Principal * when aws:SecureTransport is false,"1. Add a bucket policy statement: Effect Deny, Principal ""*"", Action ""s3:*"", Resource bucket ARN and bucket ARN/*, Condition {""Bool"": {""aws:SecureTransport"": ""false""}}.",2.1.1 (exact),A.8.24 (approximate),4.2.1 (approximate),CC6.7 (approximate)
S3-005,S3,global,acme-public-assets,MEDIUM,FAIL,Bucket policy denies non-TLS (HTTP) requests,"Without an aws:SecureTransport deny, clients can read/write objects over unencrypted HTTP.",No bucket policy; HTTP requests are allowed,Bucket policy contains a Deny for Principal * when aws:SecureTransport is false,"1. Add a bucket policy statement: Effect Deny, Principal ""*"", Action ""s3:*"", Resource bucket ARN and bucket ARN/*, Condition {""Bool"": {""aws:SecureTransport"": ""false""}}.",2.1.1 (exact),A.8.24 (approximate),4.2.1 (approximate),CC6.7 (approximate)
S3-005,S3,global,acme-trail-logs,MEDIUM,FAIL,Bucket policy denies non-TLS (HTTP) requests,"Without an aws:SecureTransport deny, clients can read/write objects over unencrypted HTTP.",No bucket policy; HTTP requests are allowed,Bucket policy contains a Deny for Principal * when aws:SecureTransport is false,"1. Add a bucket policy statement: Effect Deny, Principal ""*"", Action ""s3:*"", Resource bucket ARN and bucket ARN/*, Condition {""Bool"": {""aws:SecureTransport"": ""false""}}.",2.1.1 (exact),A.8.24 (approximate),4.2.1 (approximate),CC6.7 (approximate)
S3-005,S3,global,secure-bucket,MEDIUM,PASS,Bucket policy denies non-TLS (HTTP) requests,"Without an aws:SecureTransport deny, clients can read/write objects over unencrypted HTTP.",HTTP requests denied,Bucket policy contains a Deny for Principal * when aws:SecureTransport is false,"1. Add a bucket policy statement: Effect Deny, Principal ""*"", Action ""s3:*"", Resource bucket ARN and bucket ARN/*, Condition {""Bool"": {""aws:SecureTransport"": ""false""}}.",2.1.1 (exact),A.8.24 (approximate),4.2.1 (approximate),CC6.7 (approximate)
S3-005,S3,global,secure-trail-logs,MEDIUM,FAIL,Bucket policy denies non-TLS (HTTP) requests,"Without an aws:SecureTransport deny, clients can read/write objects over unencrypted HTTP.",No bucket policy; HTTP requests are allowed,Bucket policy contains a Deny for Principal * when aws:SecureTransport is false,"1. Add a bucket policy statement: Effect Deny, Principal ""*"", Action ""s3:*"", Resource bucket ARN and bucket ARN/*, Condition {""Bool"": {""aws:SecureTransport"": ""false""}}.",2.1.1 (exact),A.8.24 (approximate),4.2.1 (approximate),CC6.7 (approximate)
